{"train/train_loss":0.36723518162442925,"train/val_loss":0.30169285237789156,"_wandb":{"runtime":68},"_runtime":68,"_timestamp":1.7635935943912401e+09,"_step":0,"train/epoch":0}