{"train/epoch":1,"train/train_loss":0.26671693068847324,"train/val_loss":0.25460114777088166,"_timestamp":1.763593721910141e+09,"_step":1,"_wandb":{"runtime":99},"_runtime":99}