{"_timestamp":1.7635930434349887e+09,"_wandb":{"runtime":336},"_runtime":336,"_step":6,"train/epoch":6,"train/train_loss":0.22870545350668722,"train/val_loss":0.22893637418746948}