{"_wandb":{"runtime":349},"_runtime":349,"_timestamp":1.763599818599803e+09,"_step":6,"train/epoch":6,"train/train_loss":129.35764265034283,"train/val_loss":8.167273452877998}