{"train/val_disc_loss":11.111111640930176,"_timestamp":1.76365612617468e+09,"train/val_loss":2.4352729320526123,"_step":2,"train/epoch":2,"_wandb":{"runtime":132},"train/train_loss":0.41099923849105835,"train/train_disc_loss":1.7857143878936768,"_runtime":132}