{"_runtime":68,"_step":0,"train/epoch":0,"train/train_loss":0.36724370090585007,"train/val_loss":0.30228063762187957,"_timestamp":1.763593876856063e+09,"_wandb":{"runtime":68}}