{"train/val_loss":63401.9077534385,"_timestamp":1.7635946778048313e+09,"_step":3,"_wandb":{"runtime":183},"_runtime":183,"train/epoch":3,"train/train_loss":719121.2443139327}