{"_runtime":233,"train/epoch":4,"train/train_loss":0.23336703813912577,"train/val_loss":0.23274799287319184,"_timestamp":1.7635108456825733e+09,"_step":4,"_wandb":{"runtime":233}}