{"_runtime":96,"train/val_loss":2.394324059784412,"_timestamp":1.763595465390075e+09,"_step":1,"train/epoch":1,"train/train_loss":1434.932300380709,"_wandb":{"runtime":96}}