{"train/epoch":7,"train/train_loss":0.20969661103005996,"train/val_loss":0.21227592527866362,"_timestamp":1.7636003982037401e+09,"_wandb":{"runtime":405},"_runtime":405,"_step":7}