{"train/epoch":4,"_wandb":{"runtime":269},"_runtime":269,"train/train_loss":6.829356356136783e+11,"train/val_loss":4.6103794548660515,"_timestamp":1.7635993451635652e+09,"_step":4}